<?xml version="1.0" encoding="UTF-8" standalone="no"?>
<manifest>
    <application name="Sim_4000_ConnectionSample_Visionary_S_CX">
        <crown name="Sim_4000_ConnectionSample_Visionary_S_CX">
            <desc>user script</desc>
        </crown>
        <meta key="author">AppSpace Sample</meta>
        <meta key="version">1.0</meta>
        <meta key="priority">low</meta>
        <meta key="copy-protected">false</meta>
        <meta key="read-protected">false</meta>
        <entry default="main.lua" path="scripts"/>
    </application>
</manifest>
